四2	し		four
詩	し		poem, verse of poetry
市2	し		market, fair
次1	し		order, sequence, times, next, below
死	し		death, decease
氏2	し		family name, lineage
試合	しあい		game
仕上がり	しあがり		finish, end, completion
仕上がる	しあがる		be finished
仕上げ	しあげ		end, finishing touches, being finished
仕上げる	しあげる		to finish up, to complete
明々後日	しあさって		two days after tomorrow
幸せ	しあわせ		happiness, good fortune, luck, blessing
飼育	しいく		breeding, raising, rearing
強いて	しいて		by force
強いる	しいる		to force, to compel, to coerce
仕入れる	しいれる		to lay in stock, to replenish stock, to procure
ジェット機	ジェットき		jet airplane
塩2	しお		salt
塩辛い	しおからい		salty (flavor)
歯科	しか		dentistry
司会	しかい		chairmanship
視界	しかい	目で見通すことのできる範囲。視野。「濃霧でーがきかない」	the field of vision; visibility
市街	しがい		urban areas, the streets, town, city
四角	しかく		square
資格	しかく		qualifications, requirements, capabilities
視覚	しかく		sense of sight, vision
四角い	しかくい		square
仕掛け	しかけ		device, trick, mechanism, gadget, (small) scale, half finished, commencement, set up, challenge
仕掛ける	しかける		to commence, to lay (mines), to set (traps), to wage (war), to challenge
然しながら	しかしながら		nevertheless, however
如かず	しかず	及ばない。かなわない。「百聞は一見に―◦ず」	fall short; can not compete;
仕方	しかた		method, way
仕方が無い	しかたがない	どうすることもできない。ほかによい方法がない。やむを得ない。「ー・い。それでやるか」	nothing to do about it; can not be avoided/helped;
叱る	しかる		scold
四季	しき		four seasons
式	しき		equation, formula, ceremony
指揮	しき		command, direction
敷金	しききん	不動産、特に家屋の賃貸借にさいして賃料などの債務の担保にする目的で、賃借人が賃貸人に預けておく保証金。しきがね。	a deposit
色彩	しきさい		colour, hue, tints
式場	しきじょう		ceremonial hall, place of ceremony (e.g. marriage)
為来り	しきたり		customs
敷地	しきち		site
支給	しきゅう		payment, allowance
至急	しきゅう	非常に急ぐこと	urgent
至急お越し		 急いで来て	 come ASAP
施行	しぎょう		execution, enforcing, carrying out
仕切る	しきる		to partition, to divide, to mark off, to settle accounts, to toe the mark
資金	しきん		funds, capital
敷く	しく		spread out, to lay out, take a position
仕組み	しくみ		devising, plan, plot, contrivance, construction, arrangement
死刑	しけい		death penalty, capital punishment
刺激	しげき		stimulus, impetus, incentive, excitement, irritation, encouragement, motivation
茂み	しげみ	草木の生い茂っている所。「葦 (あし) の―」	〔低木の茂ったところ〕a thicket; 〔丈の低い下生え〕bushes
繁み	しげみ	草木の生い茂っている所。「葦 (あし) の―」	〔低木の茂ったところ〕a thicket; 〔丈の低い下生え〕bushes
湿気る	しける		to be damp, to be moist
茂る	しげる		grow thick, luxuriate, be luxurious
試験	しけん		examination
資源	しげん		resources
嗜好	しこう		taste, liking, preference
志向	しこう		intention, aim
思考	しこう		thought
思考力	しこうりょく		thinking power
仕事	しごと		work, occupation, employment
示唆	しさ	《「じさ」とも》それとなく知らせること。ほのめかすこと。「ーに富む談話」「法改正の可能性をーする」	〔提言〕(a) suggestion; 〔暗示〕a hint
施策	しさく	政策・対策を立てて、それを実地に行うこと。政治などを行うに際して実地にとる策。	〔政策〕a policy; 〔処置〕a measure
視察	しさつ		inspection, observation
刺殺	しさつ	さしころすこと。野球で、野手が、飛球を捕らえたり、送球を受けたり、走者にタッチしたりして、打者または走者をアウトにすること。プットアウト。→補殺「銃剣で―する」	stabbing
資産	しさん		property, fortune, means, assets
志士	しし	高い志を持った人	loyalist
指示	しじ		indication, instruction, directions
支持	しじ		support, maintenance
四捨五入	ししゃごにゅう		rounding up (especially fractions)
刺繍	ししゅう		embroidery
始終	しじゅう		continuously, from beginning to end
支出	ししゅつ		expenditure, expenses
師匠	ししょう	学問または武術・芸術の師。先生。	a teacher; 〔芸術の巨匠など〕a master
市場2	しじょう	売り手と買い手とが特定の商品や証券などを取引する場所。中央卸売市場・証券取引所（金融商品取引所）・商品取引所など。マーケット。	a market; 〔取り引き所〕an exchange
史上	しじょう	歴史に現れているところ。歴史上。「―空前の惨事」	in history; from a historical point of view
詩人	しじん		poet
静か	しずか		quiet, peaceful
静まる	しずまる		calm down, subside, die down, abate, be suppressed
沈む	しずむ		sink, feel depressed
沈める	しずめる		to sink, to submerge
鎮める	しずめる	物音や声を小さくさせる。静かにさせる。「場内をー・める」「鳴りをー・める」	to quiet; to calm; to appease
姿勢	しせい	からだの構え方。また、構え。かっこう。「楽なーで話を聞く」	attitude, posture
死生	しせい	死ぬことと生きること。死ぬか生きるか。生死。ししょう。「日本人の―観」	life and death
施設	しせつ		institution, establishment, facility, (army) engineer
自然	しぜん		nature, spontaneous
自然科学	しぜんかがく		natural science
思想	しそう		thought, idea, ideology
子息	しそく		son
子孫	しそん		descendants, posterity, offspring
舌	した		tongue
下2	した		under, below, beneath
死体	したい		corpse
次第	しだい		order, precedence, circumstances, immediate(ly), as soon as, dependent upon
慕う	したう		to yearn for, to miss, to adore, to love dearly
従う	したがう	後ろについて行く。あとに続く。「案内人に―・う」「前を行く人に―・って歩く」	〔服従する〕obey, follow; 〔甘受する〕abide by, accompany
随う	したがう	目上の人のあとについて行動する。偉い人に随行する という意味。「社長に―ってパリへ行く」	〔服従する〕obey, follow; 〔甘受する〕abide by, accompany
順う	したがう	言うことを聞く。	obey (a command); follow (an order)
遵う	したがう	道理や法則にしたがう。のっとる。法的対象にしたがう。「遵守」	follow (the law; legal system)
下書き	したがき		rough copy, draft
下着	したぎ		underwear
支度	したく		preparation
下心	したごころ		secret intention, motive
下地	したじ		groundwork, foundation, inclination, aptitude, elementary knowledge of, grounding in, prearrangement, spadework, signs, symptoms, first coat of plastering, soy
親しい	したしい		intimate, close
親しむ	したしむ		to be intimate with, to befriend
下調べ	したしらべ		preliminary investigation, preparation
認める1	したためる		to write up
仕立てる	したてる		to tailor, to make, to prepare, to train, to send (a messenger)
下取り	したどり		trade in, part exchange
下火	したび		burning low, waning, declining
下町	したまち		Shitamachi, lower parts of town
七	しち		seven
七月	しちがつ		July
室	しつ		room
質	しつ		quality
失格	しっかく		disqualification, elimination, incapacity (legal)
確り	しっかり		firmly, tightly, reliable, level-headed, steady
疾患	しっかん		disease, ailment
質疑	しつぎ		question
失業	しつぎょう		unemployment
湿気	しっけ	物や空気の中に含まれている水分。水気・モイスチャー	get damp; get soggy
仕付ける	しつける		to be used to a job, to begin to do, to baste, to tack, to plant
湿原	しつげん	低温で多湿な所に発達した草原。	((米)) a moor; ((英)) a bog; a fen
執行	しっこう	とりおこなうこと。実際に行うこと。「職務を―する」	execution
執行部	しっこうぶ		executive office
質素	しっそ		simplicity, modesty, frugality
失着	しっちゃく	囲碁で、まちがった手を打つこと。また転じて、しくじり。	failure; ⇒しっぱい(失敗)
失調	しっちょう		lack of harmony
嫉妬	しっと		jealousy
湿度	しつど		level of humidity
失敗	しっぱい		failure, fail
執筆	しっぴつ		writing
疾風	しっぷう		a gale, a strong wind; 〔気象用語〕a fresh breeze
疾風迅雷	しっぷうじんらい		buller och bong
尻尾	しっぽ		tail (animal)
失望	しつぼう		disappointment, despair
質問	しつもん		question, inquiry
失礼	しつれい	他人に接する際の心得をわきまえていないこと。礼儀に欠けること。また、そのさま。失敬。「―なやつ」「先日は―しました」	〔無礼〕impoliteness; rudeness; bad manners
失恋	しつれん		disappointed love, broken heart, unrequited love, be lovelorn,
指定	してい		designation, specification, assignment, pointing at
指摘	してき		pointing out, identification
私鉄	してつ		private railway
視点	してん		opinion, point of view, visual point
支店	してん		branch store (office)
指導	しどう		leadership, guidance, coaching
品1	しな		thing, article, goods, dignity, counter for meal courses
萎びる	しなびる		to wilt, to fade
品物	しなもの		article, goods
屎尿	しにょう		excreta, raw sewage, human waste, night soil
芝	しば		lawn, sod, turf
支配	しはい	ある地域や組織に勢力・権力を及ぼして、自分の意のままに動かせる状態に置くこと。統治；統制；指図；管理	rule; control; direction; management
賜杯	しはい	天皇・皇族などが競技・試合などの勝者に与える優勝杯。	the Emperor's Cup
芝居	しばい		play, drama
始発	しはつ		first train
芝生	しばふ		lawn
支払	しはらい		payment
支払う	しはらう		to pay
暫く	しばらく		little while
縛る	しばる		tie, bind
師範	しはん		master instructor
渋い	しぶい		tasteful (clothing), "cool", an aura of refined masculinity, astringent, sullen, bitter (taste), grim, quiet, sober, stingy
飛沫	しぶき		splash, spray
私物	しぶつ		private property, personal effects
紙幣	しへい		paper money, notes, bills
司法	しほう		administration of justice
脂肪	しぼう		fat, grease, blubber
死亡	しぼう		death, mortality
志望	しぼう		wish, desire, ambition
萎む	しぼむ		to wither, to fade (away), to shrivel, to wilt
絞る	しぼる		press, wring, squeeze
資本	しほん		funds, capital
島	しま		island
姉妹2	しまい		sisters
仕舞	しまい		end, termination, informal (Noh play)
しまう1		保存する。片づける。閉める	keep (e.g. your bankbook safe); put away/back (e.g. toys); close down (e.g. a store)
しまう2		完了する。強調的に。好ましくない結果を示して。	to do something by accident; to finish completely
歯磨剤	しまざい	歯磨きの際に使用される製品である。	tooth paste
島々	しまじま		islands
始末	しまつ		management, dealing, settlement, cleaning up afterwards
閉まる	しまる		to close, become closed
泌み泌み	しみじみ		keenly, deeply, heartily
染みる	しみる		to pierce, to permeate
市民	しみん	市の住民	citizen
占める	しめる	あるもの・場所・位置・地位などを自分のものとする。占有する。「三賞を一人で―・める」	occupy; hold
品揃え	しなぞろえ	準備した品物の種類。また、商品の種類をいろいろと用意すること。「豊かなー」	assortment
死ぬ	しぬ		die
氏名	しめい		full name, identity
使命	しめい		mission, errand, message
締め切り	しめきり		closing, cut-off, end, deadline, Closed, No Entrance
締切	しめきり		closing, cut-off, end, deadline, Closed, No Entrance
締め切る	しめきる		shut up
示す	しめす		show, indicate, denote, point out
締める	しめる		to tie, fasten
閉める	しめる		to close, shut
湿る	しめる		be wet, become wet, be damp
下1	しも		lower, last
霜	しも		frost
僕1	しもべ		manservant, servant (of God)
指紋	しもん	手の指先の、内側にある細い線がつくる紋様。形は弓状・渦状などがあり、人によって異なり一生不変なので、個人の識別や犯罪捜査などに利用される。「―をとる」	a fingerprint; 〔親指の〕a thumbprint
視野	しや		field of vision, outlook
社会	しゃかい		society
社会科学	しゃかいかがく		social science
勺	しゃく	尺貫法の容積の単位。1合の10分の1。約0.018リットル。せき。	〔容積単位〕a shaku ((単複同形)) (▼1勺は約0.018liters)
爵	しゃく	中国古代の温酒器。3本足の青銅器で、殷 (いん) 代から周代にかけて祭器として盛行した。	nobility
市役所	しやくしょ	地方公共団体である市の市長・職員が、市の行政事務を取り扱う役所。市庁。	a town hall，((米)) a city [municipal] hall
借用	しゃくよう	借りて使うこと。使うために借りること。	borrowing; loan
車庫	しゃこ		garage
社交	しゃこう		social life, social intercourse
車掌	しゃしょう		(train) conductor
写真	しゃしん		photograph
写生	しゃせい		sketch, drawing from nature, portrayal, description
社説	しゃせつ		editorial, leading article
謝絶	しゃぜつ		refusal
社宅	しゃたく		company owned house
遮断	しゃだん		cutoff, interception
社長	しゃちょう		president
借金	しゃっきん		debt, loan, liabilities
吃逆	しゃっくり		hiccough, hiccup
喋る	しゃべる	物を言う。話す。口数多く話す。口に任せてぺらぺら話す。「一言も＿・らない」「よく＿・る人だ」	talk; chat; chatter
三味線	しゃみせん		shamisen
斜面	しゃめん		slope, slanting surface, bevel
洒落1	しゃらく		frank, open-hearted
車輪	しゃりん		(car) wheel
洒落2	しゃれ		frank, open-hearted
洒落る	しゃれる		to joke, to play on words, to dress stylishly
種1	しゅ		kind, variety, species
朱印	しゅいん	朱肉を使って押した印。特に、戦国時代以後、将軍や武将が公文書に押したもの。御朱印。	red seal
州	しゅう		state, province
周	しゅう		circuit, lap, circumference, vicinity, Chou (dynasty)
週	しゅう		week
衆	しゅう		masses, great number, the people
私有	しゆう		private ownership
周囲	しゅうい	もののまわり。ぐるり。また、周辺。	surroundings
収益	しゅうえき	給料	income
集会	しゅうかい		meeting, assembly
収穫	しゅうかく		harvest, crop, ingathering
修学	しゅうがく		learning
就活	しゅうかつ		job hunting
週間	しゅうかん		week, weekly
習慣	しゅうかん		habit, custom
周期	しゅうき		cycle, period
衆議院	しゅうぎいん		Lower House, House of Representatives
宗教	しゅうきょう		religion
修行	しゅうぎょう		pursuit of knowledge, studying, learning, training, ascetic practice, discipline
就業	しゅうぎょう		employment, starting work
集金	しゅうきん		money collection
集計	しゅうけい	数を寄せ集めて合計すること。また、その合計した数。「各営業所の売上げを―する」	totalization, aggregate
襲撃	しゅうげき		attack, charge, raid
集合	しゅうごう		gathering, assembly, meeting, (mathematics) set
修士	しゅうし		Masters degree program
収支	しゅうし		income and expenditure
終始	しゅうし		beginning and end, from beginning to end, doing a thing from beginning to end
習字	しゅうじ		penmanship
終日	しゅうじつ		all day
執着	しゅうじゃく		attachment, adhesion, tenacity
収集	しゅうしゅう		gathering up, collection, accumulation
修飾	しゅうしょく		ornamentation, embellishment, decoration, adornment, polish up (writing), modification (gram)
就職	しゅうしょく	仕事を見付けること。新しく職を得て勤めること。「地元の企業にーする」	find work [a job]; get a job [position]
就寝	しゅうしん		going to bed
修正	しゅうせい	不十分・不適当と思われるところを改め直すこと。「文章の誤りをーする」	(make) an amendment; a revision
修繕	しゅうぜん		repair, mending
集団	しゅうだん		group, mass
集中	しゅうちゅう		concentration, focusing the mind
終点	しゅうてん		terminus, last stop (e.g train)
周到	しゅうとう	手落ちがなく、すべてに行き届いていること。また、そのさま。「―な計画を立てる」「用意―」	meticulous; 〔細かい所まで気を配った〕scrupulous; 〔注意深い〕careful
収入	しゅうにゅう		income, receipts, revenue
就任	しゅうにん		inauguration
周辺	しゅうへん		circumference, outskirts, environs, (computer) peripheral
周密	しゅうみつ	注意が隅々にまで行き届いていること。また、そのさま。「―をきわめた計画」「―な配慮」	scrupulous; exhaustive; very careful (plan)
収容	しゅうよう		accommodation, reception, seating, housing, custody, admission, entering (in a dictionary)
修理	しゅうり	壊れたり傷んだりした部分に手を加えて、再び使用できるようにすること。修繕。「時計を―に出す」「車を―する」	repairing, mending
修了	しゅうりょう		completion (of a course)
終了	しゅうりょう		end, close, termination
守衛	しゅえい		security guard, doorkeeper
主演	しゅえん		starring, playing the leading part
主観	しゅかん		subjectivity, subject, ego
主義	しゅぎ		doctrine, rule, principle
祝賀	しゅくが		celebration, congratulations
祝日	しゅくじつ		national holiday
淑女	しゅくじょ	しとやかで上品な女性。品格の高い女性。レディー。「紳士―」	lady
縮小	しゅくしょう		reduction, curtailment
宿題	しゅくだい		homework
宿泊	しゅくはく	自宅以外の所に泊まること	lodging
宿命	しゅくめい		fate, destiny, predestination
手芸	しゅげい		handicrafts
主権	しゅけん		sovereignty, supremacy, dominion
主語	しゅご		(grammar) subject
主催	しゅさい		organization, sponsorship
主宰	しゅさい	人々の上に立って全体をまとめること。団体・結社などを、中心となって運営すること。また、その人。「劇団を―する」	~する 〔監督する〕supervise; superintend; 〔司会する〕preside (over)
取材	しゅざい		choice of subject, collecting data
趣旨	しゅし		object, meaning
種子	しゅし	種子植物で、受精した胚珠 (はいしゅ) が成熟して休眠状態になったもの。発芽して次の植物体になる胚と、胚の養分を貯蔵している胚乳、およびそれらを包む種皮からなる。たね。	⇒たね(種)a seed; 〔桃などの〕a stone; (米) a pit
手術	しゅじゅつ		surgical operation
首相	しゅしょう		Prime Minister, Chancellor (Germany, Austria, etc.)
主食	しゅしょく		staple food
主人公	しゅじんこう		protagonist, main character, hero(ine) (of a story), head of household
主体	しゅたい		subject, main constituent
主題	しゅだい		subject, theme, motif
手段	しゅだん		means, way, measure
主張	しゅちょう		claim, request, insistence, assertion, advocacy, emphasis, contention, opinion, tenet
出演	しゅつえん		performance, stage appearance
出勤	しゅっきん		going to work, at work
出血	しゅっけつ		bleeding, haemorrhage
出現	しゅつげん	あらわれでること。隠れていたものや見えなかったものなどが、姿をあらわすこと。「救世主が―する」「新技術の―」	appearance; ((文)) emergence
出産	しゅっさん		(child)birth, delivery, production (of goods)
出社	しゅっしゃ		arrival (in a country at work etc.)
出生	しゅっしょう		birth
出身	しゅっしん		person´s place of origin, institution from which one graduated, director in charge of employee relations
出身地	しゅっしんち	その人が生まれた土地。また、育った土地。「有名な俳優の―」	the place where one was born; one's native place; one's hometown
出世	しゅっせ		promotion, successful career, eminence
出席	しゅっせき		attend
出題	しゅつだい		proposing a question
出張	しゅっちょう		official tour, business trip
出動	しゅつどう		sailing, marching, going out
出発	しゅっぱつ		depart
出版	しゅっぱん		publication
出費	しゅっぴ		expenses, disbursements
出品	しゅっぴん		exhibit, display
出没	しゅつぼつ	現れたり隠れたりすること。どこからともなく姿を現しては、またいなくなること。「空き巣が―する」	can often be seen; ubiquitous; infested with; frequenting
首都	しゅと		capital city
種痘	しゅとう		vaccination
主導	しゅどう		main leadership
取得	しゅとく	手に入れること。ある資格・権利・物品などを自分のものとして得ること。「免許を―する」	acquisition
主任	しゅにん		person in charge, responsible official
執念	しゅうねん	ある一つのことを深く思いつめる心。執着してそこから動かない心。「―をもってやり遂げる」「―を燃やす」	〔物事にとらわれた心〕an obsession; 〔復讐心，しつこく恨むこと〕vindictiveness
首脳	しゅのう		head, brains
主犯	しゅはん	二人以上の者による犯罪行為の中心となった者。	the ringleader; the principal offender
守備	しゅび		defense
主婦	しゅふ		housewife, mistress
手法	しゅほう	物事のやり方。特に、芸術作品などをつくるうえでの表現方法。技法。「写実的な―」「新―を用いる」	technique
趣味	しゅみ		hobby
主役	しゅやく		leading part, leading actor or actress
主要	しゅよう		chief, main, principal, major
狩猟	しゅりょう	山野の鳥獣を銃・網・わななどを使って捕らえること。狩り。猟。	hunting
種類	しゅるい		variety, kind, type, category, counter for different sorts of things
瞬間	しゅんかん		moment, second, instant
諸	しょ		various, many, several
背負う1	しょう		to be burdened with, to carry on back or shoulder
小	しょう		small
章	しょう		chapter, section, medal
商	しょう		quotient
賞	しょう		prize, award
傷1	しょう		wound, injury, hurt, cut, gash, bruise, scratch, scar, weak point
症	しょう		illness
象1	しょう		phenomenon
私用	しよう		personal use, private business
仕様	しよう		way, method, resource, remedy, (technical) specification
使用	しよう		use, employment
省エネ	しょうえね	「省エネルギー」の略。石油・電力・ガスなどのエネルギーを効率的に使用し、その消費量を節約すること。	energy conservation; saving energy; 省エネのenergy-saving.
消化	しょうか		digestion
紹介	しょうかい		introduce
障害	しょうがい		obstacle, impediment (fault), damage
昇格	しょうかく		promotion
奨学金	しょうがくきん		scholarship
小学生	しょうがくせい		little school student
小学校	しょうがっこう		primary school
召喚	しょうかん	人を呼び出すこと。特に、裁判所が被告人・証人・鑑定人などに対し、一定の日時に裁判所その他の場所に出頭を命ずること。「証人としてーされる」	summons
償還	しょうかん		redemption
将棋	しょうぎ		Japanese chess
償却	しょうきゃく	借金などをすっかり返すこと。償還。払い戻し。減価償却	repayment; depreciation
消去	しょうきょ		elimination, erasing, dying out, melting away
商業	しょうぎょう		commerce, trade, business
消極的	しょうきょくてき		passive
賞金	しょうきん		prize, monetary award
衝撃	しょうげき	瞬間的に大きな力を物体に加えること。また、その力。「衝突時の―を吸収する」	〔激しい打撃〕a shock; 〔衝突による〕an impact; crash
証券	しょうけん	財産法上の権利・義務に関する記載のされた紙片。有価証券と証拠証券とがある。	〔債務証書〕a bond; 〔株式証券〕a certificate; 〔為替手形など〕a bill; 〔公債，株券などの有価証券〕securities
証言	しょうげん		evidence, testimony
証拠	しょうこ		evidence, proof
正午	しょうご		noon, mid-day
消耗1	しょうこう		exhaustion, consumption
照合	しょうごう		collation, comparison
詳細	しょうさい		detail, particulars
障子	しょうじ		paper sliding door
正直	しょうじき		honesty, integrity, frankness
商社	しょうしゃ		trading company, firm
詔書	しょうしょ		decree, imperial edict
少女2	しょうじょ		daughter, young lady, virgin, maiden, little girl
少々	しょうしょう		just a minute, small quantity
症状	しょうじょう		symptoms, condition
生じる	しょうじる		produce, yield, result from, arise, be generated
昇進	しょうしん		promotion
精進	しょうじん		devotion, diligence
小数	しょうすう		fraction (part of), decimal
少数	しょうすう		minority, few
称す	しょうする	名乗る。名づけて言う。「自ら名人と―・する」「論文と―・するほどのものではない」	to pretend, to take the name of, to feign, to purport
称する	しょうする	名乗る。名づけて言う。「自ら名人と―・する」「論文と―・するほどのものではない」	to pretend, to take the name of, to feign, to purport
生ずる	しょうずる		cause, arise, be generated
小説	しょうせつ		novel
肖像	しょうぞう	人の姿や顔を写した絵の像	portrait
消息	しょうそく		news, letter, circumstances
招待	しょうたい		invite
承諾	しょうだく		consent, acquiescence, agreement
承知	しょうち		consent, agree
象徴	しょうちょう		symbol
焦点	しょうてん		focus, point
商店	しょうてん		shop, business firm
消毒	しょうどく		disinfection, sterilization
衝突	しょうとつ		collision, conflict
小児科	しょうにか		pediatrics
証人	しょうにん		witness
商人2	しょうにん		trader, shopkeeper, merchant
使用人	しようにん		employee, servant
承認	しょうにん	そのことが正当または事実であると認めること。「相手の所有権をーする」	approval; consent
少年	しょうねん		boys, juveniles
勝敗	しょうはい		victory or defeat, issue (of battle)
商売	しょうばい		trade, business, commerce, transaction, occupation
消費	しょうひ		consumption, expenditure
商品	しょうひん		commodity, goods, stock, merchandise
賞品	しょうひん		prize, trophy
勝負	しょうぶ		victory or defeat, match, contest, game, bout
小便	しょうべん		(colloquial) urine
消防	しょうぼう		fire fighting, fire department
消防署	しょうぼうしょ		fire station
正味	しょうみ		net (weight)
賞味	しょうみ	食べ物のおいしさをよく味わって食べること。「郷土料理をーする」	enjoy (a dish; food)
賞味期限	しょうみきげん		expiration date (taste / relish + limit)
照明	しょうめい		illumination
証明	しょうめい		proof, verification
正面	しょうめん		front, frontage, facade, main
消耗2	しょうもう	使って減らすこと。また、使って減ること。「電力を―する」	exhaustion, consumption
醤油	しょうゆ		soy sauce
将来	しょうらい	これから先。未来。前途。副詞的にも用いる。「―の日本」「―を期待する」「―のある若者」「―医者になりたい」	future
勝利	しょうり		victory, triumph, conquest, success, win
省略	しょうりゃく		omission, abbreviation, abridgment
昇龍裂破	しょうりゅうれっぱ		shoryu reppa
奨励	しょうれい	ある事柄を、よいこととして、それをするように人に強く勧めること	incentive
初級	しょきゅう		elementary level
職	しょく		employment
職員	しょくいん		staff member, personnel
食塩	しょくえん		table salt
職業	しょくぎょう		occupation, business
食事	しょくじ		meal
食卓	しょくたく		dining table
嘱託	しょくたく	仕事を頼んで任せること。「資料収集をーする」	emporary employee
食堂	しょくどう		cafeteria, dining room
職人	しょくにん		worker, mechanic, artisan, craftsman
職場	しょくば		work place
食品	しょくひん		commodity, foodstuff
植物	しょくぶつ		plant, vegetation
植民地	しょくみんち		colony
職務	しょくむ		professional duties
食物	しょくもつ		food, foodstuff
食欲	しょくよく		appetite (for food)
食糧	しょくりょう		provisions, rations
食料	しょくりょう		food
食料品	しょくりょうひん		foods
諸君	しょくん		Gentlemen!, Ladies!
将軍	しょうぐん	一軍を指揮して出征する大将のこと。鎌倉時代以降、幕府の主宰者の職名。鎌倉幕府を開いた源頼朝以後、室町幕府の足利 (あしかが) 氏、江戸幕府の徳川氏まで引き継がれた。「鎮東―」	a general; 〔幕府の〕a shogun
諸国	しょこく	多くの国々。いろいろな国。「―を行脚する」「近隣―」	various [all, many] countries; 〔諸地方〕various [all, many] districts
書斎	しょさい		study
所在	しょざい		whereabouts
所持	しょじ		possession, owning
初旬	しょじゅん		first 10 days of the month
所々1	しょしょ		here and there, some parts (of something)
初心者	しょしんしゃ	その道に入ったばかりで、まだ未熟な者。習い始め、あるいは覚えたての人。	a beginner; a novice
書籍	しょせき	文章・絵画などを筆写または印刷した紙の束をしっかり綴 (と) じ合わせ、表紙をつけて保存しやすいように作ったもの。巻き物に仕立てることもある。多く、雑誌と区別していう。書物。本。図書。しょじゃく。→電子書籍	book, publication
所属	しょぞく		attached to, belong to
処置	しょち	その場や状況に応じた判断をし手だてを講じて、物事に始末をつけること。「適切にーする」	treatment; disposal; measures
食器	しょっき		tableware
所定	しょてい		fixed, prescribed
書店	しょてん		bookstore
書道	しょどう		calligraphy
所得	しょとく		income, earnings
処罰	しょばつ		punishment
初版	しょはん		first edition
書評	しょひょう		book review
処分	しょぶん		disposal
庶民	しょみん		masses, common people
庶務	しょむ		general affairs
署名	しょめい		signature
書物	しょもつ		books
所有	しょゆう	自分のものとして持っていること。また、そのもの。「多大な財産をーする」「父のーする土地」	possession; proprietary
所有者	しょゆうしゃ	所有している人。所有権のある人。所有主。	proprietary; relating to an owner or ownership
処理	しょり	物事を取りさばいて始末をつけること。「事務を手早く―する」「事後―」「熱―」	processing, dealing with, treatment, disposition, disposal
書類	しょるい		documents, official papers
白髪	しらが		white or grey hair, trendy hair bleaching
知らせ	しらせ		notice
知らせる	しらせる	他の人が知るようにする。言葉やその他の手段で伝える。「手紙で無事を―・せる」「事件を―・せる」「虫が―・せる」	〔分からせる〕let ((a person)) know; 〔告げる〕tell ((a person about [that]))，((文)) inform ((a person of a matter)); 〔暗に知らせる〕suggest
報せる	しらせる	他の人が知るようにする。知らせる	report
知られる	しられる	知れる、他の人の知るところとなる	known
調べ	しらべ		preparation, investigation, inspection
調べる	しらべる		investigate
尻	しり		buttocks, bottom
知り合い	しりあい		acquaintance
退く1	しりぞく		to retreat, to recede, to withdraw
退ける1	しりぞける		to repel, to drive away
私立	しりつ		private (e.g. school or detective)
資料	しりょう	研究・調査の基礎となる材料。	materials, data
汁	しる		juice, sap, soup, broth
知る	しる		know, understand, be acquainted with, feel
印2	しるし		seal, stamp, mark, print
記す	しるす		to note, to write down
指令	しれい		orders, instructions, directive
白	しろ		white
城	しろ		castle
代	しろ		price, materials, substitution
白い	しろい		white
素人	しろうと		amateur, novice
新	しん		new
芯	しん		core, heart, wick, marrow
進化	しんか		evolution, progress
進学	しんがく		going on to university
新型	しんがた	従来のものとは違う、新しい型・形式。また、その製品。「―の車両」	a new style [type]
殿	しんがり		rear, rear unit guard
新幹線	しんかんせん		bullet train
審議	しんぎ		deliberation
真空	しんくう		vacuum, hollow, empty
神経	しんけい	からだの機能を統率し、刺激を伝える組織。過敏な心の働き。感受性	nerve; sensitivity; nervous
真剣	しんけん		seriousness, earnestness
震源	しんげん		epicenter
進行	しんこう		advance
信仰	しんこう		(religious) faith, belief, creed
新興	しんこう		rising, developing, emergent
振興	しんこう		promotion, encouragement
信号	しんごう		traffic lights, signal, semaphore
申告	しんこく		report, statement, filing a return, notification
深刻	しんこく		serious
新婚	しんこん		newly-wed
審査	しんさ		judging, inspection, examination, investigation
診察	しんさつ		medical examination
紳士	しんし		gentleman
紳士淑女	しんししゅくじょ		lady and gentleman
寝室	しんしつ	寝るために使う部屋。ねや。	a bedroom
信者	しんじゃ		believer, adherent, devotee, Christian
真珠	しんじゅ		pearl
心中	しんじゅう		double suicide, lovers suicide
進出	しんしゅつ		advance, step forward
心情	しんじょう		mentality
信じる	しんじる		believe, believe in, place trust in, confide in, have faith in
心身	しんしん		mind and body
新人	しんじん		new face, newcomer
信ずる	しんずる		believe, believe in, place trust in, confide in, have faith in
神聖	しんせい		holiness, sacredness, dignity
申請	しんせい		application, request, petition
親戚	しんせき		relative
親切	しんせつ		kind
新鮮	しんせん		fresh
親善	しんぜん		friendship
真相	しんそう	ある物事の真実のすがた。特に、事件などの、本当の事情・内容。	truth; fact
心臓	しんぞう		heart
心臓発作	しんぞうほっさ		heart attack
身体2	しんたい		body, health
寝台	しんだい		bed, couch
診断	しんだん		diagnosis
新築	しんちく		new building, new construction
慎重	しんちょう		discretion, prudence
身長	しんちょう		height (of body), stature
慎重な	しんちょうな	注意深い・思慮深い・用心深い	 prudently; carefully
進呈	しんてい		presentation
進展	しんてん		progress, development
神殿	しんでん		temple, sacred place
進度	しんど		progress
深度	しんど	深さの程度・度合い。「焦点―」	depth
振動	しんどう	揺れ動くこと。	vibration; oscillation
侵入	しんにゅう		penetration, invasion, raid, aggression, trespass
新入生	しんにゅうせい		freshman, first-year student
信任	しんにん		trust, confidence, credence
心配	しんぱい		worry, concern, anxiety, care
審判1	しんばん		refereeing, trial, judgement, umpire, referee
審判2	しんぱん		refereeing, trial, judgement, umpire, referee
神秘	しんぴ		mystery
新聞	しんぶん		newspaper
新聞社	しんぶんしゃ		newspaper office
進歩	しんぽ		progress, development
辛抱	しんぼう		patience, endurance
深夜	しんや		late at night
親友	しんゆう		close friend
信用	しんよう		confidence, dependence, credit, faith, reliance, belief, credence
信頼	しんらい		reliance, trust, confidence
真理	しんり		truth
心理	しんり		mentality
侵略	しんりゃく		aggression, invasion, raid
診療	しんりょう		medical examination and treatment, diagnosis
診療所	しんりょうしょ		clinic (local)
森林	しんりん		forest, woods
親類	しんるい		relation, kin
針路	しんろ		course, direction, compass bearing
進路	しんろ		course, route
神話	しんわ		myth, legend
